{
  "Q_vs_Greedy": {
    "t_stat": -0.17389141672681607,
    "p_one_sided": 0.5690246008394713
  },
  "Q_vs_HC": {
    "t_stat": 0.2305757926521224,
    "p_one_sided": 0.40882218777847823
  },
  "Q_vs_SARSA": {
    "t_stat": 0.09683396063915048,
    "p_one_sided": 0.4614291269823275
  }
}