{
  "Q_vs_Greedy": {
    "t_stat": -0.3538971219325262,
    "p_one_sided": 0.6382920079946541
  },
  "Q_vs_HC": {
    "t_stat": 0.17863448590602832,
    "p_one_sided": 0.4291123570837124
  },
  "Q_vs_SARSA": {
    "t_stat": -0.10954087093174134,
    "p_one_sided": 0.5436132467625873
  }
}