{
  "Q": 7.410640399977638,
  "SARSA": 7.574021999983415,
  "Greedy": 19.15928029992756,
  "HC": 10.37154809992262,
  "overall_wall_seconds": 100.13745209999979
}