{
  "Q_vs_Greedy": {
    "t_stat": -0.3992933363871862,
    "p_one_sided": 0.6551614617398175
  },
  "Q_vs_HC": {
    "t_stat": 0.22848137925373774,
    "p_one_sided": 0.4096360152565542
  },
  "Q_vs_SARSA": {
    "t_stat": -0.06840869592164528,
    "p_one_sided": 0.5272698501479753
  }
}