{
  "Q": 5.188091799940594,
  "SARSA": 5.2564824998898985,
  "Greedy": 13.489128599931973,
  "HC": 7.3220491000111,
  "overall_wall_seconds": 72.71388949999982
}