{
  "Q_vs_Greedy": {
    "t_stat": -0.29415900138275514,
    "p_one_sided": 0.6156817962429942
  },
  "Q_vs_HC": {
    "t_stat": 0.19661367045531297,
    "p_one_sided": 0.4220649359754568
  },
  "Q_vs_SARSA": {
    "t_stat": 0.0403836101831381,
    "p_one_sided": 0.48389364838456733
  }
}