{
  "Q": 1.0593419848009944,
  "SARSA": 1.07208631047979,
  "Greedy": 2.773074305150658,
  "HC": 1.4090484057087451,
  "overall_wall_seconds": 14.956470899982378
}