{
  "Q_vs_Greedy": {
    "t_stat": -0.04802387371724099,
    "p_one_sided": 0.5191513919599059
  },
  "Q_vs_HC": {
    "t_stat": 0.2764066378934647,
    "p_one_sided": 0.3911178794731121
  },
  "Q_vs_SARSA": {
    "t_stat": 0.15437908939087,
    "p_one_sided": 0.4386554201237221
  }
}