{
  "Q": 3.428939200093737,
  "SARSA": 3.5453481999693395,
  "Greedy": 9.072639400005755,
  "HC": 4.772735900011867,
  "overall_wall_seconds": 46.02402769999935
}