{
  "Q_vs_Greedy": {
    "t_stat": -0.27169143648027416,
    "p_one_sided": 0.607070356800472
  },
  "Q_vs_HC": {
    "t_stat": 0.16555158094252792,
    "p_one_sided": 0.4342549270788676
  },
  "Q_vs_SARSA": {
    "t_stat": 0.032334328805096915,
    "p_one_sided": 0.48710271654099513
  }
}