{
  "Tuned-Q": 1.7771408972330391,
  "SARSA": 1.3103321976959705,
  "Greedy": 3.3673809010069817,
  "HC": 1.783868798520416,
  "overall_wall_seconds": 18.176392000168562
}