{
  "Q_vs_Greedy": {
    "t_stat": -0.5896584456050864,
    "p_one_sided": 0.7222901701702659
  },
  "Q_vs_HC": {
    "t_stat": -0.1952945925604284,
    "p_one_sided": 0.5774188349585895
  },
  "Q_vs_SARSA": {
    "t_stat": -0.4766334611349861,
    "p_one_sided": 0.6831884240814317
  }
}