{
  "Q_vs_Greedy": {
    "t_stat": -0.37159093221422246,
    "p_one_sided": 0.6449012792627956
  },
  "Q_vs_HC": {
    "t_stat": 0.044344081140805895,
    "p_one_sided": 0.48231506727191376
  }
}